Scene,Time,Section,Character,Voice,Speaker,Gender,Age,Accent,Timbre,Tone,Pacing,Speed,Words,End Time,State,Audio SFX ASMR Music,Video Prompt,Image Prompt
1,"00:00 - 00:08","THE HOOK","Người dẫn truyện (Nam)","Trong cuộc sống hối hả, lo âu luôn rình rập, vây kín tâm hồn ta. Liệu có lối thoát nào cho những bất an ấy, giữa dòng chảy không ngừng của cuộc đời?","Người dẫn truyện (Nam)","MALE","Người đàn ông trung niên 45 tuổi","NORTHERN_VIETNAMESE","Giọng trầm ấm truyền cảm","Trang nghiêm kính cẩn","Chậm","1.18x","36","7.3s","OFF-SCREEN","Nhạc nền cinematic trầm lắng, tiếng thở dài nhẹ, tiếng thông báo điện thoại liên tục.","[[CLOSE UP SHOT], A young man (perfect human anatomy:1.2), exactly two arms, exactly two legs, perfect hands, sitting in a dimly lit modern apartment, his face illuminated by the harsh blue light of a smartphone screen. He is frowning slightly, a clear expression of worry and fatigue. His eyes dart nervously across the screen. A gentle, subtle camera push-in emphasizes his anxious state. {vkt_asmr_zen, Ethereal light}. [AUTO-SHIELD]: ABSOLUTE TEMPORAL COHERENCE: Slow and deliberate movements, sharp object borders. Static directional lighting, shadow coordinates locked. Permanently static background props, locked arrangement. Realistic ground friction, solid footing, zero sliding. Perfect limb separation, no clipping or hand fusion. Strict frame-to-frame clothing consistency. Perfect facial symmetry, identical symmetric circular pupils. Unified wind vector physics. Strict character count persistence, no ghost characters. ABSOLUTELY ZERO TEXT, letters, watermarks, or graphic overlays. [ASPECT RATIO LOCK]: Strictly FULL FRAME, NO black bars.",""
2,"00:08 - 00:16","THE HOOK","Ni sư từ bi","Chính tánh biết, hay sự tỉnh thức trong từng khoảnh khắc, là chìa khóa mở ra cánh cửa bình an. Nó giúp ta nhận diện mọi cảm xúc, mà không bị cuốn đi đâu cả.","Ni sư từ bi","FEMALE","Ni sư 55 tuổi","SOUTHERN_VIETNAMESE","Giọng nhẹ nhàng thanh thoát","Từ bi an lạc","Chậm","1.18x","36","7.4s","ON-SCREEN","Tiếng chim hót líu lo, tiếng gió xào xạc qua kẽ lá, nhạc thiền 432Hz nhẹ nhàng.","[[MEDIUM SHOT], A serene Vietnamese nun (perfect human anatomy:1.2), exactly two arms, exactly two legs, perfect hands, in traditional robes, seated gracefully by a large, sunlit temple window. Her face holds a gentle smile and her eyes convey deep compassion as she gazes outwards. Soft light bathes the scene, highlighting peaceful dust motes in the air. {vkt_asmr_zen, Ethereal light, Lotus & Gold Leaf}. [AUTO-SHIELD]: ABSOLUTE TEMPORAL COHERENCE: Slow and deliberate movements, sharp object borders. Static directional lighting, shadow coordinates locked. Permanently static background props, locked arrangement. Realistic ground friction, solid footing, zero sliding. Perfect limb separation, no clipping or hand fusion. Strict frame-to-frame clothing consistency. Perfect facial symmetry, identical symmetric circular pupils. Unified wind vector physics. Strict character count persistence, no ghost characters. ABSOLUTELY ZERO TEXT, letters, watermarks, or graphic overlays. [ASPECT RATIO LOCK]: Strictly FULL FRAME, NO black bars.",""
3,"00:16 - 00:24","THE HOOK","Thầy tuệ giác","Thế giới hiện đại với vô vàn áp lực, khiến tâm ta dễ bị dao động. Tánh biết không phải là trốn tránh, mà là đối diện mọi việc với sự thấu hiểu sâu sắc từ bên trong.","Thầy tuệ giác","MALE","Thầy tuệ giác 70 tuổi","NORTHERN_VIETNAMESE","Giọng trầm ấm khoan thai","Điềm tĩnh thâm trầm","Chậm","1.18x","39","7.5s","ON-SCREEN","Tiếng chuông chùa ngân vang nhẹ, tiếng lá cây xào xạc, nhạc thiền sâu lắng.","[[WIDE SHOT], An elderly Vietnamese monk (perfect human anatomy:1.2), exactly two arms, exactly two legs, perfect hands, in saffron robes, sits in deep meditation beneath a majestic Bodhi tree. The rising sun casts a golden glow, creating long, peaceful shadows. His posture is upright, hands in Dhyana mudra, radiating calm. {vkt_asmr_zen, Ethereal light, ancient_stone_temple}. [AUTO-SHIELD]: ABSOLUTE TEMPORAL COHERENCE: Slow and deliberate movements, sharp object borders. Static directional lighting, shadow coordinates locked. Permanently static background props, locked arrangement. Realistic ground friction, solid footing, zero sliding. Perfect limb separation, no clipping or hand fusion. Strict frame-to-frame clothing consistency. Perfect facial symmetry, identical symmetric circular pupils. Unified wind vector physics. Strict character count persistence, no ghost characters. ABSOLUTELY ZERO TEXT, letters, watermarks, or graphic overlays. [ASPECT RATIO LOCK]: Strictly FULL FRAME, NO black bars.",""
4,"00:24 - 00:32","Problem","Người dẫn truyện (Nữ)","Nhiều người nghĩ lo âu là điều không thể tránh khỏi, một phần của cuộc sống. Nhưng nếu ta học cách quan sát nó, ta sẽ thấy rằng lo âu chỉ là những làn sóng trên mặt biển tâm.","Người dẫn truyện (Nữ)","FEMALE","Nữ trung niên 40 tuổi","NORTHERN_VIETNAMESE","Giọng nhẹ nhàng truyền cảm","Đồng cảm, gợi mở","Chậm","1.18x","40","7.5s","OFF-SCREEN","Tiếng sóng vỗ nhẹ nhàng, nhạc nền êm dịu, tiếng thở đều của biển.","[[MEDIUM SHOT], Gentle ocean waves roll softly onto a sandy beach, reflecting the warm, tranquil colors of a sunset. The water is clear, and the sand is fine. A single, small, smooth pebble is briefly visible as the wave recedes. {vkt_asmr_zen, Ethereal light}. [AUTO-SHIELD]: ABSOLUTE TEMPORAL COHERENCE: Slow and deliberate movements, sharp object borders. Static directional lighting, shadow coordinates locked. Permanently static background props, locked arrangement. Realistic ground friction, solid footing, zero sliding. Perfect limb separation, no clipping or hand fusion. Strict frame-to-frame clothing consistency. Perfect facial symmetry, identical symmetric circular pupils. Unified wind vector physics. Strict character count persistence, no ghost characters. ABSOLUTELY ZERO TEXT, letters, watermarks, or graphic overlays. [ASPECT RATIO LOCK]: Strictly FULL FRAME, NO black bars.",""
5,"00:32 - 00:40","Problem","Một người đàn ông trẻ","Tôi thường cảm thấy mình bị mắc kẹt trong vòng xoáy suy nghĩ, không thể thoát ra. Mọi thứ cứ luẩn quẩn, lặp đi lặp lại khiến tôi mất đi năng lượng và niềm vui sống.","Một người đàn ông trẻ","MALE","Thanh niên 28 tuổi","SOUTHERN_VIETNAMESE","Giọng trầm ấm","Băn khoăn, tìm kiếm","Chậm","1.18x","39","7.5s","ON-SCREEN","Tiếng mưa rơi nhẹ ngoài cửa sổ, nhạc buồn man mác, tiếng thở dài.","[[MEDIUM SHOT], A young man (perfect human anatomy:1.2), exactly two arms, exactly two legs, perfect hands, sits by a rain-streaked window, his chin resting on his hand. His gaze is distant and melancholic, reflecting a deep sense of introspection and perhaps sadness. Raindrops gently stream down the windowpane, adding to the somber mood. {vkt_asmr_zen, interior_window_light}. [AUTO-SHIELD]: ABSOLUTE TEMPORAL COHERENCE: Slow and deliberate movements, sharp object borders. Static directional lighting, shadow coordinates locked. Permanently static background props, locked arrangement. Realistic ground friction, solid footing, zero sliding. Perfect limb separation, no clipping or hand fusion. Strict frame-to-frame clothing consistency. Perfect facial symmetry, identical symmetric circular pupils. Unified wind vector physics. Strict character count persistence, no ghost characters. ABSOLUTELY ZERO TEXT, letters, watermarks, or graphic overlays. [ASPECT RATIO LOCK]: Strictly FULL FRAME, NO black bars.",""
6,"00:40 - 00:48","Problem","Một người phụ nữ trẻ","Đôi khi tôi cảm thấy mình không đủ tốt, không đủ mạnh mẽ để đối phó với những thách thức. Lo lắng về tương lai, về những điều chưa đến làm tôi kiệt sức.","Một người phụ nữ trẻ","FEMALE","Thanh niên 25 tuổi","NORTHERN_VIETNAMESE","Giọng nhẹ nhàng","Mệt mỏi, cần giúp đỡ","Chậm","1.18x","39","7.5s","ON-SCREEN","Tiếng gió rít khe khẽ, nhạc nền có chút u buồn, tiếng thở dài thườn thượt.","[[CLOSE UP SHOT], A young woman (perfect human anatomy:1.2), exactly two arms, exactly two legs, perfect hands, sits huddled on a soft sofa, her hands gently clasping her head. Her expression is one of deep sadness and exhaustion, as if carrying a heavy burden. Soft, indirect light illuminates her. {vkt_asmr_zen, Ethereal light}. [AUTO-SHIELD]: ABSOLUTE TEMPORAL COHERENCE: Slow and deliberate movements, sharp object borders. Static directional lighting, shadow coordinates locked. Permanently static background props, locked arrangement. Realistic ground friction, solid footing, zero sliding. Perfect limb separation, no clipping or hand fusion. Strict frame-to-frame clothing consistency. Perfect facial symmetry, identical symmetric circular pupils. Unified wind vector physics. Strict character count persistence, no ghost characters. ABSOLUTELY ZERO TEXT, letters, watermarks, or graphic overlays. [ASPECT RATIO LOCK]: Strictly FULL FRAME, NO black bars.",""
7,"00:48 - 00:56","Problem","Người dẫn truyện (Nam)","Sự thiếu vắng tánh biết khiến ta lạc lối trong mê cung của những ý nghĩ tiêu cực. Ta không nhận ra rằng mình có sức mạnh để thay đổi, để tìm thấy sự an lạc.","Người dẫn truyện (Nam)","MALE","Người đàn ông trung niên 45 tuổi","NORTHERN_VIETNAMESE","Giọng trầm ấm truyền cảm","Nhấn mạnh, trầm tư","Chậm","1.18x","38","7.4s","OFF-SCREEN","Tiếng bước chân nhẹ trên lá khô, nhạc nền huyền bí, tiếng côn trùng đêm.","[[WIDE SHOT], A dimly lit, mystical forest path (perfect human anatomy:1.2), exactly two arms, exactly two legs, perfect hands, winding deep into ancient woods. Soft, ethereal mist hangs in the air, partially obscuring the dense trees. The path is barely visible, suggesting a journey into the unknown. {vkt_asmr_zen, deep_forest_ambience}. [AUTO-SHIELD]: ABSOLUTE TEMPORAL COHERENCE: Slow and deliberate movements, sharp object borders. Static directional lighting, shadow coordinates locked. Permanently static background props, locked arrangement. Realistic ground friction, solid footing, zero sliding. Perfect limb separation, no clipping or hand fusion. Strict frame-to-frame clothing consistency. Perfect facial symmetry, identical symmetric circular pupils. Unified wind vector physics. Strict character count persistence, no ghost characters. ABSOLUTELY ZERO TEXT, letters, watermarks, or graphic overlays. [ASPECT RATIO LOCK]: Strictly FULL FRAME, NO black bars.",""
8,"00:56 - 01:04","Introduction of 'Tánh Biết'","Ni sư từ bi","Tánh biết đơn giản là khả năng nhận thức hiện tại, mà không phán xét. Là lắng nghe tiếng chim hót, cảm nhận hơi thở, biết mình đang làm gì, ở ngay lúc này.","Ni sư từ bi","FEMALE","Ni sư 55 tuổi","SOUTHERN_VIETNAMESE","Giọng nhẹ nhàng thanh thoát","Từ bi, hướng dẫn","Chậm","1.18x","39","7.5s","ON-SCREEN","Tiếng nước khẽ gợn, tiếng chim hót thanh thoát, nhạc thiền êm dịu.","[[CLOSE UP SHOT], A delicate hand (perfect human anatomy:1.2), exactly two arms, exactly two legs, perfect hands, gently touches a young, unfurling lotus leaf on a calm, reflective pond surface. The water is pristine, and the leaf is vibrant green. Soft ripples spread outwards from the touch. {vkt_asmr_zen, Lotus & Gold Leaf, Ethereal light}. [AUTO-SHIELD]: ABSOLUTE TEMPORAL COHERENCE: Slow and deliberate movements, sharp object borders. Static directional lighting, shadow coordinates locked. Permanently static background props, locked arrangement. Realistic ground friction, solid footing, zero sliding. Perfect limb separation, no clipping or hand fusion. Strict frame-to-frame clothing consistency. Perfect facial symmetry, identical symmetric circular pupils. Unified wind vector physics. Strict character count persistence, no ghost characters. ABSOLUTELY ZERO TEXT, letters, watermarks, or graphic overlays. [ASPECT RATIO LOCK]: Strictly FULL FRAME, NO black bars.",""
9,"01:04 - 01:12","Introduction of 'Tánh Biết'","Thầy tuệ giác","Khi ta thực hành tánh biết, ta không còn bị quá khứ ràng buộc, hay tương lai làm phiền. Ta sống trọn vẹn trong giây phút này, nơi mọi sự thật đều hiển lộ rõ ràng.","Thầy tuệ giác","MALE","Thầy tuệ giác 70 tuổi","NORTHERN_VIETNAMESE","Giọng trầm ấm khoan thai","Điềm tĩnh thâm trầm","Chậm","1.18x","39","7.5s","ON-SCREEN","Tiếng gió lùa qua mái chùa cổ, tiếng gõ mõ đều đặn, nhạc thiền sâu lắng.","[[CLOSE UP SHOT], An elderly Vietnamese monk (perfect human anatomy:1.2), exactly two arms, exactly two legs, perfect hands, sits in deep meditation, his eyes gently closed. His face is illuminated by a soft, golden light, radiating profound peace and tranquility. The background is softly blurred, emphasizing his serene presence. {vkt_asmr_zen, aura_of_enlightenment, Lotus & Gold Leaf}. [AUTO-SHIELD]: ABSOLUTE TEMPORAL COHERENCE: Slow and deliberate movements, sharp object borders. Static directional lighting, shadow coordinates locked. Permanently static background props, locked arrangement. Realistic ground friction, solid footing, zero sliding. Perfect limb separation, no clipping or hand fusion. Strict frame-to-frame clothing consistency. Perfect facial symmetry, identical symmetric circular pupils. Unified wind vector physics. Strict character count persistence, no ghost characters. ABSOLUTELY ZERO TEXT, letters, watermarks, or graphic overlays. [ASPECT RATIO LOCK]: Strictly FULL FRAME, NO black bars.",""
10,"01:12 - 01:20","Introduction of 'Tánh Biết'","Người dẫn truyện (Nữ)","Tánh biết không phải là một kỹ thuật phức tạp, mà là một cách sống. Nó giúp ta gỡ bỏ những tấm màn che phủ, để thấy rõ bản chất thật của mọi sự, của chính mình.","Người dẫn truyện (Nữ)","FEMALE","Nữ trung niên 40 tuổi","NORTHERN_VIETNAMESE","Giọng nhẹ nhàng truyền cảm","Giải thích, truyền cảm hứng","Chậm","1.18x","39","7.5s","OFF-SCREEN","Tiếng cửa gỗ kẽo kẹt nhẹ nhàng, tiếng chim hót líu lo, nhạc thiền thanh tịnh.","[[MEDIUM SHOT], An ancient, weathered wooden door (perfect human anatomy:1.2), exactly two arms, exactly two legs, perfect hands, in a temple setting, slowly creaks open. Beyond it, a vibrant, serene Zen garden with blooming flowers and lush greenery is revealed, bathed in soft sunlight. {vkt_asmr_zen, ancient_stone_temple, deep_forest_ambience}. [AUTO-SHIELD]: ABSOLUTE TEMPORAL COHERENCE: Slow and deliberate movements, sharp object borders. Static directional lighting, shadow coordinates locked. Permanently static background props, locked arrangement. Realistic ground friction, solid footing, zero sliding. Perfect limb separation, no clipping or hand fusion. Strict frame-to-frame clothing consistency. Perfect facial symmetry, identical symmetric circular pupils. Unified wind vector physics. Strict character count persistence, no ghost characters. ABSOLUTELY ZERO TEXT, letters, watermarks, or graphic overlays. [ASPECT RATIO LOCK]: Strictly FULL FRAME, NO black bars.",""
11,"01:20 - 01:28","Introduction of 'Tánh Biết'","Một người đàn ông trẻ","Vậy là, chỉ cần chú tâm vào hiện tại, tôi có thể thoát khỏi những suy nghĩ tiêu cực? Nghe có vẻ đơn giản, nhưng tôi chưa bao giờ nghĩ đến cách này để sống tốt hơn.","Một người đàn ông trẻ","MALE","Thanh niên 28 tuổi","SOUTHERN_VIETNAMESE","Giọng trầm ấm","Ngạc nhiên, khai sáng","Chậm","1.18x","39","7.5s","ON-SCREEN","Nhạc nền bay bổng, tiếng chuông gió nhẹ nhàng, tiếng chim hót.","[[CLOSE UP SHOT], A young man (perfect human anatomy:1.2), exactly two arms, exactly two legs, perfect hands, previously anxious, now sits upright, his eyes wide and bright with a newfound sense of hope and understanding. A subtle smile plays on his lips as he gazes into the distance. The lighting is soft and uplifting. {vkt_asmr_zen, Ethereal light}. [AUTO-SHIELD]: ABSOLUTE TEMPORAL COHERENCE: Slow and deliberate movements, sharp object borders. Static directional lighting, shadow coordinates locked. Permanently static background props, locked arrangement. Realistic ground friction, solid footing, zero sliding. Perfect limb separation, no clipping or hand fusion. Strict frame-to-frame clothing consistency. Perfect facial symmetry, identical symmetric circular pupils. Unified wind vector physics. Strict character count persistence, no ghost characters. ABSOLUTELY ZERO TEXT, letters, watermarks, or graphic overlays. [ASPECT RATIO LOCK]: Strictly FULL FRAME, NO black bars.",""
12,"01:28 - 01:36","Introduction of 'Tánh Biết'","Một người phụ nữ trẻ","Tôi sẽ thử tập tánh biết mỗi ngày. Có lẽ đây chính là con đường tôi đang tìm kiếm, để tâm hồn được thanh thản và vượt qua mọi nỗi lo âu trong cuộc sống.","Một người phụ nữ trẻ","FEMALE","Thanh niên 25 tuổi","NORTHERN_VIETNAMESE","Giọng nhẹ nhàng","Tin tưởng, quyết tâm","Chậm","1.18x","39","7.5s","ON-SCREEN","Tiếng chuông thiền định nhẹ, tiếng hít thở đều, nhạc nền thanh bình.","[[MEDIUM SHOT], A young woman (perfect human anatomy:1.2), exactly two arms, exactly two legs, perfect hands, previously troubled, now sits in a meditation posture on a soft cushion. Her back is straight, hands resting gently on her lap, and her face is serene, reflecting deep concentration and inner peace. She takes a slow, deep breath. {vkt_asmr_zen, Ethereal light}. [AUTO-SHIELD]: ABSOLUTE TEMPORAL COHERENCE: Slow and deliberate movements, sharp object borders. Static directional lighting, shadow coordinates locked. Permanently static background props, locked arrangement. Realistic ground friction, solid footing, zero sliding. Perfect limb separation, no clipping or hand fusion. Strict frame-to-frame clothing consistency. Perfect facial symmetry, identical symmetric circular pupils. Unified wind vector physics. Strict character count persistence, no ghost characters. ABSOLUTELY ZERO TEXT, letters, watermarks, or graphic overlays. [ASPECT RATIO LOCK]: Strictly FULL FRAME, NO black bars.",""
13,"01:36 - 01:44","Connection to Karma","Người dẫn truyện (Nam)","Tánh biết không chỉ chữa lành tâm hồn, mà còn là cầu nối với luật nhân quả. Mỗi hành động, lời nói, suy nghĩ của ta đều gieo một hạt giống, định hình tương lai sau này.","Người dẫn truyện (Nam)","MALE","Người đàn ông trung niên 45 tuổi","NORTHERN_VIETNAMESE","Giọng trầm ấm truyền cảm","Trang nghiêm, giáo dục","Chậm","1.18x","39","7.5s","OFF-SCREEN","Tiếng đất vỡ nhẹ, tiếng chồi non vươn lên, nhạc nền huyền diệu, tiếng chuông gió.","[[CLOSE UP SHOT], A tiny seed (perfect human anatomy:1.2), exactly two arms, exactly two legs, perfect hands, visibly sprouts from rich, dark soil. A soft, glowing light surrounds the nascent plant, symbolizing the energy of karma and potential. The delicate stem reaches upwards. {vkt_asmr_zen, endothermic_botanics}. [AUTO-SHIELD]: ABSOLUTE TEMPORAL COHERENCE: Slow and deliberate movements, sharp object borders. Static directional lighting, shadow coordinates locked. Permanently static background props, locked arrangement. Realistic ground friction, solid footing, zero sliding. Perfect limb separation, no clipping or hand fusion. Strict frame-to-frame clothing consistency. Perfect facial symmetry, identical symmetric circular pupils. Unified wind vector physics. Strict character count persistence, no ghost characters. ABSOLUTELY ZERO TEXT, letters, watermarks, or graphic overlays. [ASPECT RATIO LOCK]: Strictly FULL FRAME, NO black bars.",""
14,"01:44 - 01:52","Connection to Karma","Ni sư từ bi","Lo âu thường xuất phát từ những hạt giống tiêu cực ta đã gieo. Khi có tánh biết, ta nhận ra chúng, và có thể chọn cách hành xử khác, để gieo hạt giống tốt lành.","Ni sư từ bi","FEMALE","Ni sư 55 tuổi","SOUTHERN_VIETNAMESE","Giọng nhẹ nhàng thanh thoát","Từ bi, giải thích","Chậm","1.18x","39","7.5s","ON-SCREEN","Tiếng đất mềm được xới, tiếng hạt rơi nhẹ, nhạc nền hy vọng, tiếng sáo trúc.","[[CLOSE UP SHOT], A gentle hand (perfect human anatomy:1.2), exactly two arms, exactly two legs, perfect hands, delicately drops a small seed into rich, dark, fertile soil. Warm sunlight bathes the scene, highlighting the texture of the earth and the hand. This action symbolizes the sowing of good karma. {vkt_asmr_zen, endothermic_botanics}. [AUTO-SHIELD]: ABSOLUTE TEMPORAL COHERENCE: Slow and deliberate movements, sharp object borders. Static directional lighting, shadow coordinates locked. Permanently static background props, locked arrangement. Realistic ground friction, solid footing, zero sliding. Perfect limb separation, no clipping or hand fusion. Strict frame-to-frame clothing consistency. Perfect facial symmetry, identical symmetric circular pupils. Unified wind vector physics. Strict character count persistence, no ghost characters. ABSOLUTELY ZERO TEXT, letters, watermarks, or graphic overlays. [ASPECT RATIO LOCK]: Strictly FULL FRAME, NO black bars.",""
15,"01:52 - 02:00","Connection to Karma","Thầy tuệ giác","Nhận biết được nhân và quả là bước đầu của sự chuyển hóa. Ta không thể thay đổi quá khứ, nhưng ta hoàn toàn có thể thay đổi cách gieo trồng của mình ngay trong hiện tại.","Thầy tuệ giác","MALE","Thầy tuệ giác 70 tuổi","NORTHERN_VIETNAMESE","Giọng trầm ấm khoan thai","Điềm tĩnh thâm trầm","Chậm","1.18x","39","7.5s","ON-SCREEN","Tiếng gió thổi qua tán lá cây, nhạc nền hùng vĩ nhưng vẫn an yên, tiếng suối chảy.","[[WIDE SHOT], A majestic ancient tree (perfect human anatomy:1.2), exactly two arms, exactly two legs, perfect hands, with deep, gnarled roots firmly anchored in the earth. Its lush, green canopy spreads wide, reaching towards the sky. Soft sunlight filters through the leaves, creating a dappled pattern on the forest floor. {vkt_asmr_zen, deep_forest_ambience}. [AUTO-SHIELD]: ABSOLUTE TEMPORAL COHERENCE: Slow and deliberate movements, sharp object borders. Static directional lighting, shadow coordinates locked. Permanently static background props, locked arrangement. Realistic ground friction, solid footing, zero sliding. Perfect limb separation, no clipping or hand fusion. Strict frame-to-frame clothing consistency. Perfect facial symmetry, identical symmetric circular pupils. Unified wind vector physics. Strict character count persistence, no ghost characters. ABSOLUTELY ZERO TEXT, letters, watermarks, or graphic overlays. [ASPECT RATIO LOCK]: Strictly FULL FRAME, NO black bars.",""
16,"02:00 - 02:08","Connection to Karma","Người dẫn truyện (Nữ)","Khi ta gieo hạt giống của tình yêu thương, sự tha thứ và lòng biết ơn, quả lành sẽ tự nhiên đến. Tánh biết giúp ta nhận ra giá trị của mỗi hạt giống, dù là rất nhỏ.","Người dẫn truyện (Nữ)","FEMALE","Nữ trung niên 40 tuổi","NORTHERN_VIETNAMESE","Giọng nhẹ nhàng truyền cảm","Giải thích, khuyến khích","Chậm","1.18x","39","7.5s","OFF-SCREEN","Tiếng nước chảy nhẹ, tiếng chim hót, nhạc nền thanh thoát, tiếng chuông gió.","[[CLOSE UP SHOT], A beautiful lotus flower (perfect human anatomy:1.2), exactly two arms, exactly two legs, perfect hands, slowly unfurls its petals in the soft glow of dawn. Delicate dew drops cling to the edges, glistening in the light. The background is a gentle blur of green and gold. {vkt_asmr_zen, Lotus & Gold Leaf, Ethereal light}. [AUTO-SHIELD]: ABSOLUTE TEMPORAL COHERENCE: Slow and deliberate movements, sharp object borders. Static directional lighting, shadow coordinates locked. Permanently static background props, locked arrangement. Realistic ground friction, solid footing, zero sliding. Perfect limb separation, no clipping or hand fusion. Strict frame-to-frame clothing consistency. Perfect facial symmetry, identical symmetric circular pupils. Unified wind vector physics. Strict character count persistence, no ghost characters. ABSOLUTELY ZERO TEXT, letters, watermarks, or graphic overlays. [ASPECT RATIO LOCK]: Strictly FULL FRAME, NO black bars.",""
17,"02:08 - 02:16","Connection to Karma","Một người đàn ông trẻ","Tôi hiểu rồi. Lo âu không chỉ là cảm xúc, mà còn là kết quả của nghiệp. Tôi sẽ dùng tánh biết để nhìn lại những hành động của mình, và chọn những điều tốt đẹp.","Một người đàn ông trẻ","MALE","Thanh niên 28 tuổi","SOUTHERN_VIETNAMESE","Giọng trầm ấm","Suy tư, quyết tâm","Chậm","1.18x","39","7.5s","ON-SCREEN","Tiếng hít thở đều, nhạc thiền êm dịu, tiếng nước chảy róc rách.","[[CLOSE UP SHOT], A young man (perfect human anatomy:1.2), exactly two arms, exactly two legs, perfect hands, sits in a meditative pose, eyes gently closed. His face reflects deep concentration and a growing sense of peace. The lighting is soft and warm, emphasizing his journey towards inner tranquility. {vkt_asmr_zen, Ethereal light}. [AUTO-SHIELD]: ABSOLUTE TEMPORAL COHERENCE: Slow and deliberate movements, sharp object borders. Static directional lighting, shadow coordinates locked. Permanently static background props, locked arrangement. Realistic ground friction, solid footing, zero sliding. Perfect limb separation, no clipping or hand fusion. Strict frame-to-frame clothing consistency. Perfect facial symmetry, identical symmetric circular pupils. Unified wind vector physics. Strict character count persistence, no ghost characters. ABSOLUTELY ZERO TEXT, letters, watermarks, or graphic overlays. [ASPECT RATIO LOCK]: Strictly FULL FRAME, NO black bars.",""
18,"02:16 - 02:24","Transforming Karma with Love","Một người phụ nữ trẻ","Tha thứ cho lỗi lầm của bản thân và người khác là cách ta chuyển hóa nghiệp xấu. Tình yêu thương như dòng nước mát, gột rửa mọi uế tạp trong tâm, đưa ta về nơi bình an.","Một người phụ nữ trẻ","FEMALE","Thanh niên 25 tuổi","NORTHERN_VIETNAMESE","Giọng nhẹ nhàng","Nhẹ nhàng, tha thứ","Chậm","1.18x","39","7.5s","ON-SCREEN","Tiếng suối chảy róc rách, nhạc nền thanh khiết, tiếng gió rì rào.","[[WIDE SHOT], A crystal-clear stream (perfect human anatomy:1.2), exactly two arms, exactly two legs, perfect hands, flows gently through a serene forest. Delicate lotus petals drift peacefully on the water's surface. Sunlight filters through the lush canopy, creating shimmering patterns on the stream bed. {vkt_asmr_zen, deep_forest_ambience, Ethereal light}. [AUTO-SHIELD]: ABSOLUTE TEMPORAL COHERENCE: Slow and deliberate movements, sharp object borders. Static directional lighting, shadow coordinates locked. Permanently static background props, locked arrangement. Realistic ground friction, solid footing, zero sliding. Perfect limb separation, no clipping or hand fusion. Strict frame-to-frame clothing consistency. Perfect facial symmetry, identical symmetric circular pupils. Unified wind vector physics. Strict character count persistence, no ghost characters. ABSOLUTELY ZERO TEXT, letters, watermarks, or graphic overlays. [ASPECT RATIO LOCK]: Strictly FULL FRAME, NO black bars.",""
19,"02:24 - 02:32","Transforming Karma with Love","Người dẫn truyện (Nam)","Luật nhân quả không phải là sự trừng phạt, mà là một quy luật tự nhiên của vũ trụ. Với tánh biết và lòng từ bi, ta có thể chủ động tạo ra những nhân lành cho chính mình.","Người dẫn truyện (Nam)","MALE","Người đàn ông trung niên 45 tuổi","NORTHERN_VIETNAMESE","Giọng trầm ấm truyền cảm","Giáo dục, sâu sắc","Chậm","1.18x","39","7.5s","OFF-SCREEN","Tiếng chuông chùa ngân vang trầm ấm, nhạc nền huyền bí, tiếng gió thoảng.","[[CLOSE UP SHOT], An ancient, intricately carved Dharma Wheel (perfect human anatomy:1.2), exactly two arms, exactly two legs, perfect hands, slowly rotates, radiating a soft, golden light from its center. The details of its spokes and rim are sharp and clear, against a softly blurred, sacred background. {vkt_asmr_zen, Lotus & Gold Leaf, aura_of_enlightenment}. [AUTO-SHIELD]: ABSOLUTE TEMPORAL COHERENCE: Slow and deliberate movements, sharp object borders. Static directional lighting, shadow coordinates locked. Permanently static background props, locked arrangement. Realistic ground friction, solid footing, zero sliding. Perfect limb separation, no clipping or hand fusion. Strict frame-to-frame clothing consistency. Perfect facial symmetry, identical symmetric circular pupils. Unified wind vector physics. Strict character count persistence, no ghost characters. ABSOLUTELY ZERO TEXT, letters, watermarks, or graphic overlays. [ASPECT RATIO LOCK]: Strictly FULL FRAME, NO black bars.",""
20,"02:32 - 02:40","Transforming Karma with Love","Ni sư từ bi","Mỗi ngày, hãy thực hành lòng từ bi, từ những điều nhỏ nhất. Một lời nói tử tế, một hành động giúp đỡ, một suy nghĩ tích cực đều là những hạt giống quý giá, tạo ra hạnh phúc.","Ni sư từ bi","FEMALE","Ni sư 55 tuổi","SOUTHERN_VIETNAMESE","Giọng nhẹ nhàng thanh thoát","Từ bi, khuyến khích","Chậm","1.18x","39","7.5s","ON-SCREEN","Nhạc nền dịu dàng, tiếng chim hót nhẹ, tiếng gió xào xạc.","[[CLOSE UP SHOT], A gentle hand (perfect human anatomy:1.2), exactly two arms, exactly two legs, perfect hands, softly placed over another, symbolizing compassion, support, and shared kindness. The skin is soft and warm, and the lighting is tender, creating a sense of connection and comfort. {vkt_asmr_zen, Ethereal light}. [AUTO-SHIELD]: ABSOLUTE TEMPORAL COHERENCE: Slow and deliberate movements, sharp object borders. Static directional lighting, shadow coordinates locked. Permanently static background props, locked arrangement. Realistic ground friction, solid footing, zero sliding. Perfect limb separation, no clipping or hand fusion. Strict frame-to-frame clothing consistency. Perfect facial symmetry, identical symmetric circular pupils. Unified wind vector physics. Strict character count persistence, no ghost characters. ABSOLUTELY ZERO TEXT, letters, watermarks, or graphic overlays. [ASPECT RATIO LOCK]: Strictly FULL FRAME, NO black bars.",""
21,"02:40 - 02:48","Transforming Karma with Love","Thầy tuệ giác","Khi ta gieo tình yêu, ta nhận lại tình yêu. Khi ta tha thứ, ta được giải thoát. Tánh biết cho ta sức mạnh để thay đổi nghiệp, để cuộc đời ta trở nên nhẹ nhàng, bình an hơn.","Thầy tuệ giác","MALE","Thầy tuệ giác 70 tuổi","NORTHERN_VIETNAMESE","Giọng trầm ấm khoan thai","Điềm tĩnh thâm trầm","Chậm","1.18x","39","7.5s","ON-SCREEN","Tiếng gió thổi qua cánh đồng sen, nhạc nền huyền ảo, tiếng chuông chùa vọng lại.","[[WIDE SHOT], A serene path (perfect human anatomy:1.2), exactly two arms, exactly two legs, perfect hands, lined with blooming white lotus flowers, leads towards an ancient, illuminated pagoda under a full moon. The scene is bathed in soft, ethereal moonlight, creating a tranquil and spiritual atmosphere. {vkt_asmr_zen, Lotus & Gold Leaf, Ethereal light}. [AUTO-SHIELD]: ABSOLUTE TEMPORAL COHERENCE: Slow and deliberate movements, sharp object borders. Static directional lighting, shadow coordinates locked. Permanently static background props, locked arrangement. Realistic ground friction, solid footing, zero sliding. Perfect limb separation, no clipping or hand fusion. Strict frame-to-frame clothing consistency. Perfect facial symmetry, identical symmetric circular pupils. Unified wind vector physics. Strict character count persistence, no ghost characters. ABSOLUTELY ZERO TEXT, letters, watermarks, or graphic overlays. [ASPECT RATIO LOCK]: Strictly FULL FRAME, NO black bars.",""
22,"02:48 - 02:56","Transforming Karma with Love","Người dẫn truyện (Nữ)","Hãy để tình yêu thương là ngọn đuốc soi đường, và tánh biết là la bàn dẫn lối. Cả hai sẽ cùng ta vượt qua mọi sóng gió, đạt đến bến bờ của an lạc và tự do tự tại.","Người dẫn truyện (Nữ)","FEMALE","Nữ trung niên 40 tuổi","NORTHERN_VIETNAMESE","Giọng nhẹ nhàng truyền cảm","Truyền cảm hứng, an ủi","Chậm","1.18x","39","7.5s","OFF-SCREEN","Tiếng lửa reo nhẹ, nhạc nền huyền diệu, tiếng chuông gió.","[[CLOSE UP SHOT], A flickering candle flame (perfect human anatomy:1.2), exactly two arms, exactly two legs, perfect hands, held gently in cupped hands, radiating a soft, warm light. The hands are serene and compassionate, protecting the delicate flame. The background is a soft, blurred glow. {vkt_asmr_zen, Ethereal light}. [AUTO-SHIELD]: ABSOLUTE TEMPORAL COHERENCE: Slow and deliberate movements, sharp object borders. Static directional lighting, shadow coordinates locked. Permanently static background props, locked arrangement. Realistic ground friction, solid footing, zero sliding. Perfect limb separation, no clipping or hand fusion. Strict frame-to-frame clothing consistency. Perfect facial symmetry, identical symmetric circular pupils. Unified wind vector physics. Strict character count persistence, no ghost characters. ABSOLUTELY ZERO TEXT, letters, watermarks, or graphic overlays. [ASPECT RATIO LOCK]: Strictly FULL FRAME, NO black bars.",""
23,"02:56 - 03:04","Resolution/Call to Action","Một người đàn ông trẻ","Nhờ tánh biết, tôi đã tìm thấy sự bình yên trong chính mình. Lo âu không còn là nỗi ám ảnh, mà là một phần để tôi học cách sống trọn vẹn hơn mỗi ngày.","Một người đàn ông trẻ","MALE","Thanh niên 28 tuổi","SOUTHERN_VIETNAMESE","Giọng trầm ấm","Bình yên, hạnh phúc","Chậm","1.18x","38","7.4s","ON-SCREEN","Tiếng chim hót líu lo, nhạc nền tươi sáng, tiếng gió thổi nhẹ.","[[WIDE SHOT], A young man (perfect human anatomy:1.2), exactly two arms, exactly two legs, perfect hands, meditates peacefully on a lush green lawn, surrounded by vibrant nature. The morning sun illuminates his face, which radiates profound serenity and joy. His posture is relaxed and open. {vkt_asmr_zen, deep_forest_ambience, Ethereal light}. [AUTO-SHIELD]: ABSOLUTE TEMPORAL COHERENCE: Slow and deliberate movements, sharp object borders. Static directional lighting, shadow coordinates locked. Permanently static background props, locked arrangement. Realistic ground friction, solid footing, zero sliding. Perfect limb separation, no clipping or hand fusion. Strict frame-to-frame clothing consistency. Perfect facial symmetry, identical symmetric circular pupils. Unified wind vector physics. Strict character count persistence, no ghost characters. ABSOLUTELY ZERO TEXT, letters, watermarks, or graphic overlays. [ASPECT RATIO LOCK]: Strictly FULL FRAME, NO black bars.",""
24,"03:04 - 03:12","Resolution/Call to Action","Một người phụ nữ trẻ","Mỗi hơi thở vào, hơi thở ra đều là một món quà. Tánh biết giúp tôi trân trọng từng khoảnh khắc, sống với lòng biết ơn, và lan tỏa tình yêu thương đến mọi người thân yêu.","Một người phụ nữ trẻ","FEMALE","Thanh niên 25 tuổi","NORTHERN_VIETNAMESE","Giọng nhẹ nhàng","Thanh thản, hạnh phúc","Chậm","1.18x","39","7.5s","ON-SCREEN","Tiếng gió nhẹ vuốt ve, nhạc nền bay bổng, tiếng chim hót xa xa.","[[MEDIUM SHOT], A young woman (perfect human anatomy:1.2), exactly two arms, exactly two legs, perfect hands, stands on a hill overlooking a vast, serene landscape. She holds a delicate lotus flower in her hands, a gentle smile on her face, and her eyes gaze peacefully towards the horizon. Soft, warm light surrounds her. {vkt_asmr_zen, Ethereal light, Lotus & Gold Leaf}. [AUTO-SHIELD]: ABSOLUTE TEMPORAL COHERENCE: Slow and deliberate movements, sharp object borders. Static directional lighting, shadow coordinates locked. Permanently static background props, locked arrangement. Realistic ground friction, solid footing, zero sliding. Perfect limb separation, no clipping or hand fusion. Strict frame-to-frame clothing consistency. Perfect facial symmetry, identical symmetric circular pupils. Unified wind vector physics. Strict character count persistence, no ghost characters. ABSOLUTELY ZERO TEXT, letters, watermarks, or graphic overlays. [ASPECT RATIO LOCK]: Strictly FULL FRAME, NO black bars.",""
25,"03:12 - 03:20","Resolution/Call to Action","Người dẫn truyện (Nam)","Hãy thực hành tánh biết mỗi ngày, để mỗi giây phút trôi qua đều là sự tỉnh thức. Hãy gieo hạt giống của tình thương, để cuộc đời bạn ngập tràn an vui, hạnh phúc, và tự do.","Người dẫn truyện (Nam)","MALE","Người đàn ông trung niên 45 tuổi","NORTHERN_VIETNAMESE","Giọng trầm ấm truyền cảm","Kêu gọi, tổng kết","Chậm","1.18x","39","7.5s","OFF-SCREEN","Tiếng chuông chùa ngân vang, nhạc nền thiền định, tiếng gió nhẹ, tiếng hít thở đều.","[[WIDE SHOT], An ancient, serene pagoda (perfect human anatomy:1.2), exactly two arms, exactly two legs, perfect hands, bathed in soft golden sunlight. Several people are seen in the courtyard, peacefully practicing walking meditation or seated meditation. The atmosphere is deeply tranquil and spiritual, with lush green surroundings. {vkt_asmr_zen, ancient_stone_temple, aura_of_enlightenment}. [AUTO-SHIELD]: ABSOLUTE TEMPORAL COHERENCE: Slow and deliberate movements, sharp object borders. Static directional lighting, shadow coordinates locked. Permanently static background props, locked arrangement. Realistic ground friction, solid footing, zero sliding. Perfect limb separation, no clipping or hand fusion. Strict frame-to-frame clothing consistency. Perfect facial symmetry, identical symmetric circular pupils. Unified wind vector physics. Strict character count persistence, no ghost characters. ABSOLUTELY ZERO TEXT, letters, watermarks, or graphic overlays. [ASPECT RATIO LOCK]: Strictly FULL FRAME, NO black bars.",""
26,"00:00 - 00:08","CONTINUATION","Trưởng lão Thiền sư","Thưa quý vị, tánh biết không chỉ là sự nhận diện, mà còn là một lựa chọn. Lựa chọn an trú trong hiện tại, thay vì để tâm trí bị cuốn trôi bởi những dòng suy nghĩ lo âu vô tận.","Trưởng lão Thiền sư","MALE","Trưởng lão 70 tuổi","NORTHERN_VIETNAMESE","Giọng trầm ấm truyền cảm","Trang nghiêm kính cẩn","Chậm rãi","1.18x","35","7.3s","ON-SCREEN","Nhạc nền thiền định êm đềm, tiếng chuông gió nhẹ nhàng, tiếng chim hót xa xăm.","CLOSE-UP SHOT on an elder Zen Master (70s, Male, Northern Vietnamese, tranquil expression) sitting in full lotus position, eyes gently closed, a soft golden ethereal light emanating from around his head. His hands are in Dhyana mudra. The background is blurred, showing hints of a serene temple courtyard at dawn. ABSOLUTE TEMPORAL COHERENCE: Slow and deliberate movements, sharp object borders. Static directional lighting, shadow coordinates locked. Permanently static background props, locked arrangement. Realistic ground friction, solid footing, zero sliding. Perfect limb separation, no clipping or hand fusion. Strict frame-to-frame clothing consistency. Perfect facial symmetry, identical symmetric circular pupils. Unified wind vector physics. Strict character count persistence, no ghost characters. ABSOLUTELY ZERO TEXT, letters, watermarks, or graphic overlays. [ASPECT RATIO LOCK]: Strictly FULL FRAME, NO black bars. (perfect human anatomy:1.2), exactly two arms, exactly two legs, perfect hands.","An elder Zen Master (70s, Male, Northern Vietnamese, tranquil expression) sitting in full lotus position, eyes gently closed, a soft golden ethereal light emanating from around his head. His hands are in Dhyana mudra. Serene temple courtyard at dawn, blurred background. --no failsafe, (perfect human anatomy:1.2), exactly two arms, exactly two legs, perfect hands."
27,"00:08 - 00:16","CONTINUATION","Ni sư Trí tuệ","Lo âu thường bắt nguồn từ những hạt giống nghiệp chưa được chuyển hóa. Tánh biết giúp ta nhìn rõ nhân duyên, để không còn oán trách mà học cách tha thứ cho chính mình và người khác.","Ni sư Trí tuệ","FEMALE","Nữ trung niên 55 tuổi","SOUTHERN_VIETNAMESE","Giọng nhẹ nhàng thanh thoát","Từ bi an lạc","Nhẹ nhàng","1.18x","36","7.3s","ON-SCREEN","Nhạc thiền 432Hz du dương, tiếng gió thổi nhẹ qua lá Bồ Đề, tiếng chuông chùa ngân xa.","MEDIUM SHOT of a wise Nun (55s, Female, Southern Vietnamese, contemplative expression) standing gracefully near a large, ornate temple window, bathed in ethereal light. Behind her, a ancient Bodhi tree is visible outside. She holds a single Bodhi leaf gently in her hands. ABSOLUTE TEMPORAL COHERENCE: Slow and deliberate movements, sharp object borders. Static directional lighting, shadow coordinates locked. Permanently static background props, locked arrangement. Realistic ground friction, solid footing, zero sliding. Perfect limb separation, no clipping or hand fusion. Strict frame-to-frame clothing consistency. Perfect facial symmetry, identical symmetric circular pupils. Unified wind vector physics. Strict character count persistence, no ghost characters. ABSOLUTELY ZERO TEXT, letters, watermarks, or graphic overlays. [ASPECT RATIO LOCK]: Strictly FULL FRAME, NO black bars. (perfect human anatomy:1.2), exactly two arms, exactly two legs, perfect hands.","A wise Nun (55s, Female, Southern Vietnamese, contemplative expression) standing gracefully near a large, ornate temple window, bathed in ethereal light. Behind her, a ancient Bodhi tree is visible outside. She holds a single Bodhi leaf gently in her hands. --no failsafe, (perfect human anatomy:1.2), exactly two arms, exactly two legs, perfect hands."
28,"00:16 - 00:24","CONTINUATION","Thiền sinh trẻ","Khi những ý niệm tiêu cực chợt đến, tánh biết không phán xét. Nó chỉ nhẹ nhàng quan sát, như nhìn mây trôi trên bầu trời. Ta không cần níu giữ, chúng sẽ tự tan biến thôi.","Thiền sinh trẻ","MALE","Thanh niên 25 tuổi","NORTHERN_VIETNAMESE","Giọng rõ ràng, bình thản","Hướng dẫn, an nhiên","Điềm tĩnh","1.18x","37","7.3s","ON-SCREEN","Nhạc cụ dân tộc (sáo, đàn tranh) phối hợp với âm thanh của gió và không gian mở.","WIDE SHOT of a young male practitioner (25s, Male, Northern Vietnamese, serene gaze) sitting in meditation posture on a mossy rock outcrop, overlooking a vast landscape. Fluffy white clouds drift slowly across a clear blue sky above him. The sun casts a gentle, warm light. ABSOLUTE TEMPORAL COHERENCE: Slow and deliberate movements, sharp object borders. Static directional lighting, shadow coordinates locked. Permanently static background props, locked arrangement. Realistic ground friction, solid footing, zero sliding. Perfect limb separation, no clipping or hand fusion. Strict frame-to-frame clothing consistency. Perfect facial symmetry, identical symmetric circular pupils. Unified wind vector physics. Strict character count persistence, no ghost characters. ABSOLUTELY ZERO TEXT, letters, watermarks, or graphic overlays. [ASPECT RATIO LOCK]: Strictly FULL FRAME, NO black bars. (perfect human anatomy:1.2), exactly two arms, exactly two legs, perfect hands.","A young male practitioner (25s, Northern Vietnamese, serene gaze) sitting in meditation posture on a mossy rock outcrop, overlooking a vast landscape. Fluffy white clouds drift slowly across a clear blue sky above him. The sun casts a gentle, warm light. --no failsafe, (perfect human anatomy:1.2), exactly two arms, exactly two legs, perfect hands."
29,"00:24 - 00:32","CONTINUATION","Cụ bà Từ ái","Đừng tự trách mình vì những lỗi lầm trong quá khứ. Với tánh biết, ta hiểu rằng mọi thứ đều là bài học. Hãy ôm ấp bản thân bằng tình thương, rồi nghiệp duyên sẽ dần chuyển hóa nhẹ nhàng.","Cụ bà Từ ái","FEMALE","Cụ bà 80 tuổi","SOUTHERN_VIETNAMESE","Giọng hiền từ, ấm áp","Bao dung, nhẹ nhàng","Truyền cảm","1.24x","38","7.3s","ON-SCREEN","Tiếng sáo trúc nhẹ nhàng, nhạc nền từ bi mang âm hưởng truyền thống Việt Nam.","CLOSE-UP SHOT of an elderly, kind-faced woman (80s, Female, Southern Vietnamese) gently placing one hand over her heart, a soft, warm golden glow emanating from her chest. Her eyes are closed in serene self-compassion. The background is a soft, blurred light, suggesting an interior temple setting. ABSOLUTE TEMPORAL COHERENCE: Slow and deliberate movements, sharp object borders. Static directional lighting, shadow coordinates locked. Permanently static background props, locked arrangement. Realistic ground friction, solid footing, zero sliding. Perfect limb separation, no clipping or hand fusion. Strict frame-to-frame clothing consistency. Perfect facial symmetry, identical symmetric circular pupils. Unified wind vector physics. Strict character count persistence, no ghost characters. ABSOLUTELY ZERO TEXT, letters, watermarks, or graphic overlays. [ASPECT RATIO LOCK]: Strictly FULL FRAME, NO black bars. (perfect human anatomy:1.2), exactly two arms, exactly two legs, perfect hands.","An elderly, kind-faced woman (80s, Southern Vietnamese) gently placing one hand over her heart, a soft, warm golden glow emanating from her chest. Her eyes are closed in serene self-compassion. Soft, blurred light, suggesting an interior temple setting. --no failsafe, (perfect human anatomy:1.2), exactly two arms, exactly two legs, perfect hands."
30,"00:32 - 00:40","CONTINUATION","Phật tử Thiện tâm","Chuyển hóa nghiệp xấu không phải bằng sự trốn tránh, mà bằng tình thương vô điều kiện. Khi trái tim ta rộng mở, hạt giống thiện lành sẽ nảy mầm, xoa dịu những vết thương sâu kín.","Phật tử Thiện tâm","MALE","Người đàn ông trung niên 45 tuổi","NORTHERN_VIETNAMESE","Giọng trầm ấm truyền cảm","Trầm tĩnh, đầy hy vọng","Từ tốn","1.18x","37","7.3s","ON-SCREEN","Tiếng nước chảy nhẹ nhàng, nhạc nền êm ái, tiếng chuông chùa thanh thoát.","CLOSE-UP SHOT of a pair of gentle, open hands (male, 40s) cradling a vibrant, glowing lotus bud that is slowly unfurling. A soft, golden light radiates from the lotus, symbolizing unconditional love. The background is a subtle, out-of-focus temple garden. ABSOLUTE TEMPORAL COHERENCE: Slow and deliberate movements, sharp object borders. Static directional lighting, shadow coordinates locked. Permanently static background props, locked arrangement. Realistic ground friction, solid footing, zero sliding. Perfect limb separation, no clipping or hand fusion. Strict frame-to-frame clothing consistency. Perfect facial symmetry, identical symmetric circular pupils. Unified wind vector physics. Strict character count persistence, no ghost characters. ABSOLUTELY ZERO TEXT, letters, watermarks, or graphic overlays. [ASPECT RATIO LOCK]: Strictly FULL FRAME, NO black bars. (perfect human anatomy:1.2), exactly two arms, exactly two legs, perfect hands.","A pair of gentle, open hands (male, 40s) cradling a vibrant, glowing lotus bud that is slowly unfurling. A soft, golden light radiates from the lotus, symbolizing unconditional love. Subtle, out-of-focus temple garden background. --no failsafe, (perfect human anatomy:1.2), exactly two arms, exactly two legs, perfect hands."
31,"00:40 - 00:48","CONTINUATION","Cô gái Thiền tập","Trong những khoảnh khắc căng thẳng, hãy dừng lại, hít thở sâu ba hơi. Tánh biết ngay lập tức đưa ta về giây phút hiện tại, cắt đứt vòng xoáy lo âu, mang lại sự tĩnh tại cho tâm hồn.","Cô gái Thiền tập","FEMALE","Thanh niên 20 tuổi","NORTHERN_VIETNAMESE","Giọng nhẹ nhàng, truyền cảm","Hướng dẫn, tĩnh tại","Tập trung","1.24x","38","7.3s","ON-SCREEN","Âm thanh ASMR hít thở sâu nhẹ nhàng, nhạc nền thiền urban, tiếng xe cộ xa dần rồi mất hẳn.","MEDIUM SHOT of a young woman (20s, Female, Northern Vietnamese) in casual, modest attire, standing in a bustling modern city park. She closes her eyes, takes a deep, visible breath, and as she exhales, the city background subtly blurs and softens, replaced by a visual focus on her serene expression and the gentle sway of nearby trees. ABSOLUTE TEMPORAL COHERENCE: Slow and deliberate movements, sharp object borders. Static directional lighting, shadow coordinates locked. Permanently static background props, locked arrangement. Realistic ground friction, solid footing, zero sliding. Perfect limb separation, no clipping or hand fusion. Strict frame-to-frame clothing consistency. Perfect facial symmetry, identical symmetric circular pupils. Unified wind vector physics. Strict character count persistence, no ghost characters. ABSOLUTELY ZERO TEXT, letters, watermarks, or graphic overlays. [ASPECT RATIO LOCK]: Strictly FULL FRAME, NO black bars. (perfect human anatomy:1.2), exactly two arms, exactly two legs, perfect hands.","A young woman (20s, Northern Vietnamese) in casual, modest attire, standing in a bustling modern city park. She closes her eyes, takes a deep, visible breath, and as she exhales, the city background subtly blurs and softens, replaced by a visual focus on her serene expression and the gentle sway of nearby trees. --no failsafe, (perfect human anatomy:1.2), exactly two arms, exactly two legs, perfect hands."
32,"00:48 - 00:56","CONTINUATION","Người đàn ông từng trải","Hãy lắng nghe người khác với tất cả tánh biết của mình, không phán xét. Khi ta thật sự hiện diện, lời nói và ý nghĩ sẽ trở nên trong sáng, hóa giải mọi hiểu lầm, vun đắp tình thân.","Người đàn ông từng trải","MALE","Người đàn ông trung niên 50 tuổi","SOUTHERN_VIETNAMESE","Giọng trầm ấm, điềm đạm","Thấu hiểu, chân thành","Kiên nhẫn","1.24x","38","7.3s","ON-SCREEN","Nhạc nền êm dịu, tiếng thì thầm của gió, sự im lặng có ý nghĩa giữa các câu từ.","MEDIUM SHOT of two individuals (a male, 50s, Southern Vietnamese, and a younger female, 20s), sitting across from each other in a clean, minimalist tea room bathed in soft, natural light. The man listens attentively, his gaze meeting hers with deep understanding and no judgment. Subtle steam rises from a cup of tea. ABSOLUTE TEMPORAL COHERENCE: Slow and deliberate movements, sharp object borders. Static directional lighting, shadow coordinates locked. Permanently static background props, locked arrangement. Realistic ground friction, solid footing, zero sliding. Perfect limb separation, no clipping or hand fusion. Strict frame-to-frame clothing consistency. Perfect facial symmetry, identical symmetric circular pupils. Unified wind vector physics. Strict character count persistence, no ghost characters. ABSOLUTELY ZERO TEXT, letters, watermarks, or graphic overlays. [ASPECT RATIO LOCK]: Strictly FULL FRAME, NO black bars. (perfect human anatomy:1.2), exactly two arms, exactly two legs, perfect hands.","Two individuals (a male, 50s, Southern Vietnamese, and a younger female, 20s), sitting across from each other in a clean, minimalist tea room bathed in soft, natural light. The man listens attentively, his gaze meeting hers with deep understanding and no judgment. Subtle steam rises from a cup of tea. --no failsafe, (perfect human anatomy:1.2), exactly two arms, exactly two legs, perfect hands."
33,"00:56 - 01:04","CONTINUATION","Giọng dẫn truyện (Nữ)","Quá khứ đã qua, tương lai chưa tới. Tánh biết giúp ta nhận ra những gánh nặng không cần thiết, rồi nhẹ nhàng đặt xuống. Chỉ có giây phút hiện tại là thật, là nơi ta có thể an trú.","Giọng dẫn truyện (Nữ)","FEMALE","Nữ trung niên 40 tuổi","NORTHERN_VIETNAMESE","Giọng nhẹ nhàng, truyền cảm","An ủi, điềm đạm","Từ tốn","1.18x","37","7.3s","OFF-SCREEN","Tiếng nước chảy róc rách, tiếng lá rơi nhẹ, nhạc nền thiền định êm ái.","CLOSE-UP SHOT of a gentle hand (female, 40s) releasing a handful of delicate, golden-brown dried leaves into a clear, flowing stream. The leaves drift away peacefully downstream, illuminated by soft sunlight filtering through the trees. ABSOLUTE TEMPORAL COHERENCE: Slow and deliberate movements, sharp object borders. Static directional lighting, shadow coordinates locked. Permanently static background props, locked arrangement. Realistic ground friction, solid footing, zero sliding. Perfect limb separation, no clipping or hand fusion. Strict frame-to-frame clothing consistency. Perfect facial symmetry, identical symmetric circular pupils. Unified wind vector physics. Strict character count persistence, no ghost characters. ABSOLUTELY ZERO TEXT, letters, watermarks, or graphic overlays. [ASPECT RATIO LOCK]: Strictly FULL FRAME, NO black bars. (perfect human anatomy:1.2), exactly two arms, exactly two legs, perfect hands.","A gentle hand (female, 40s) releasing a handful of delicate, golden-brown dried leaves into a clear, flowing stream. The leaves drift away peacefully downstream, illuminated by soft sunlight filtering through the trees. --no failsafe, (perfect human anatomy:1.2), exactly two arms, exactly two legs, perfect hands."
34,"01:04 - 01:12","CONTINUATION","Vị Sư Trẻ","Hãy thực hành lòng từ bi mỗi ngày, bắt đầu từ chính mình. Mong cho tôi được an lành, mong cho mọi người được hạnh phúc. Tấm lòng rộng mở là chìa khóa hóa giải mọi chướng ngại, mọi nghiệp duyên.","Vị Sư Trẻ","MALE","Thanh niên 30 tuổi","NORTHERN_VIETNAMESE","Giọng ấm áp, trong trẻo","Từ bi, thanh tịnh","Điềm đạm","1.24x","38","7.3s","ON-SCREEN","Nhạc nền thiền tịnh, tiếng chuông chùa thanh tao, âm hưởng tụng kinh nhẹ nhàng.","MEDIUM SHOT of a young monk (30s, Male, Northern Vietnamese) standing with palms pressed together in Namaste mudra, eyes closed in deep compassion. A gentle, warm golden light emanates from his chest and softly expands outwards, symbolizing Metta (loving-kindness). The background is a serene, sunlit temple hall, softly blurred. ABSOLUTE TEMPORAL COHERENCE: Slow and deliberate movements, sharp object borders. Static directional lighting, shadow coordinates locked. Permanently static background props, locked arrangement. Realistic ground friction, solid footing, zero sliding. Perfect limb separation, no clipping or hand fusion. Strict frame-to-frame clothing consistency. Perfect facial symmetry, identical symmetric circular pupils. Unified wind vector physics. Strict character count persistence, no ghost characters. ABSOLUTELY ZERO TEXT, letters, watermarks, or graphic overlays. [ASPECT RATIO LOCK]: Strictly FULL FRAME, NO black bars. (perfect human anatomy:1.2), exactly two arms, exactly two legs, perfect hands.","A young monk (30s, Northern Vietnamese) standing with palms pressed together in Namaste mudra, eyes closed in deep compassion. A gentle, warm golden light emanates from his chest and softly expands outwards. Serene, sunlit temple hall, softly blurred background. --no failsafe, (perfect human anatomy:1.2), exactly two arms, exactly two legs, perfect hands."
35,"01:12 - 01:20","CONTINUATION","Giọng dẫn truyện (Nữ)","Khi một người thực hành tánh biết và từ bi, năng lượng ấy không chỉ dừng lại. Nó lan tỏa ra xung quanh, chạm đến những tâm hồn khác, tạo nên một chuỗi thiện lành bất tận trong cuộc đời.","Giọng dẫn truyện (Nữ)","FEMALE","Nữ trung niên 40 tuổi","NORTHERN_VIETNAMESE","Giọng truyền cảm, lan tỏa","Truyền cảm hứng, an lạc","Nhẹ nhàng","1.24x","38","7.3s","OFF-SCREEN","Tiếng giọt nước nhẹ, nhạc nền hòa âm nhẹ nhàng, gợi cảm giác lan tỏa và kết nối.","EXTREME CLOSE-UP of a single, ethereal drop of water falling onto the perfectly still surface of a tranquil pond, creating ever-widening, glowing ripples that spread gracefully across the water. The ripples reflect a soft, golden sky. ABSOLUTE TEMPORAL COHERENCE: Slow and deliberate movements, sharp object borders. Static directional lighting, shadow coordinates locked. Permanently static background props, locked arrangement. Realistic ground friction, solid footing, zero sliding. Perfect limb separation, no clipping or hand fusion. Strict frame-to-frame clothing consistency. Perfect facial symmetry, identical symmetric circular pupils. Unified wind vector physics. Strict character count persistence, no ghost characters. ABSOLUTELY ZERO TEXT, letters, watermarks, or graphic overlays. [ASPECT RATIO LOCK]: Strictly FULL FRAME, NO black bars.","A single, ethereal drop of water falling onto the perfectly still surface of a tranquil pond, creating ever-widening, glowing ripples that spread gracefully across the water. The ripples reflect a soft, golden sky. --no failsafe"
36,"01:20 - 01:28","CONTINUATION","Người hành giả","Nỗi sợ hãi về tương lai chỉ là ảo ảnh. Tánh biết giúp ta vững chãi trong hiện tại, tin tưởng vào dòng chảy của cuộc sống. Khi tâm an, mọi sợ hãi đều tan biến như sương mai vậy.","Người hành giả","FEMALE","Nữ 35 tuổi","SOUTHERN_VIETNAMESE","Giọng nhẹ nhàng, tự tin","Bình an, vững chãi","Điềm đạm","1.18x","37","7.3s","ON-SCREEN","Nhạc nền hùng vĩ nhưng thanh bình, tiếng sóng biển vỗ nhẹ, tiếng gió thổi qua vách đá.","WIDE SHOT of a female practitioner (35s, Female, Southern Vietnamese) standing confidently and serenely on a majestic cliff overlooking a vast ocean, facing a vibrant sunrise. Her silhouette is sharp against the glowing horizon, embodying strength and peace. The environment is grand and untouched. ABSOLUTE TEMPORAL COHERENCE: Slow and deliberate movements, sharp object borders. Static directional lighting, shadow coordinates locked. Permanently static background props, locked arrangement. Realistic ground friction, solid footing, zero sliding. Perfect limb separation, no clipping or hand fusion. Strict frame-to-frame clothing consistency. Perfect facial symmetry, identical symmetric circular pupils. Unified wind vector physics. Strict character count persistence, no ghost characters. ABSOLUTELY ZERO TEXT, letters, watermarks, or graphic overlays. [ASPECT RATIO LOCK]: Strictly FULL FRAME, NO black bars. (perfect human anatomy:1.2), exactly two arms, exactly two legs, perfect hands.","A female practitioner (35s, Southern Vietnamese) standing confidently and serenely on a majestic cliff overlooking a vast ocean, facing a vibrant sunrise. Her silhouette is sharp against the glowing horizon, embodying strength and peace. --no failsafe, (perfect human anatomy:1.2), exactly two arms, exactly two legs, perfect hands."
37,"01:28 - 01:36","CONTINUATION","Trưởng lão Thiền sư","Thực hành tánh biết là một hành trình dài, không phải đích đến. Mỗi ngày, dù chỉ vài phút, hãy ý thức về hơi thở, về bước chân, về từng hành động. Đó là con đường dẫn đến giác ngộ.","Trưởng lão Thiền sư","MALE","Trưởng lão 70 tuổi","NORTHERN_VIETNAMESE","Giọng trầm ấm truyền cảm","Hiền từ, kiên định","Chậm rãi","1.24x","38","7.3s","ON-SCREEN","Tiếng kéo cắt tỉa nhẹ nhàng, tiếng nước tưới cây nhỏ giọt, nhạc nền thiền tĩnh lặng.","CLOSE-UP SHOT of an elder Zen Master's hands (70s, Male, Northern Vietnamese) meticulously tending to a small, exquisite bonsai tree. His movements are slow, deliberate, and highly mindful as he prunes a tiny branch with a delicate tool. The setting is a minimalist, sun-drenched temple garden. ABSOLUTE TEMPORAL COHERENCE: Slow and deliberate movements, sharp object borders. Static directional lighting, shadow coordinates locked. Permanently static background props, locked arrangement. Realistic ground friction, solid footing, zero sliding. Perfect limb separation, no clipping or hand fusion. Strict frame-to-frame clothing consistency. Perfect facial symmetry, identical symmetric circular pupils. Unified wind vector physics. Strict character count persistence, no ghost characters. ABSOLUTELY ZERO TEXT, letters, watermarks, or graphic overlays. [ASPECT RATIO LOCK]: Strictly FULL FRAME, NO black bars. (perfect human anatomy:1.2), exactly two arms, exactly two legs, perfect hands.","An elder Zen Master's hands (70s, Northern Vietnamese) meticulously tending to a small, exquisite bonsai tree. His movements are slow, deliberate, and highly mindful as he prunes a tiny branch with a delicate tool. Minimalist, sun-drenched temple garden setting. --no failsafe, (perfect human anatomy:1.2), exactly two arms, exactly two legs, perfect hands."
38,"01:36 - 01:44","CONCLUSION","Giọng dẫn truyện (Nữ)","Cuộc đời sẽ nở hoa khi ta sống với tánh biết và tình thương. Lo âu chỉ là khách qua đường, còn an bình và hạnh phúc mới là ngôi nhà vĩnh cửu của mỗi chúng ta, mãi mãi trong tâm ta.","Giọng dẫn truyện (Nữ)","FEMALE","Nữ trung niên 40 tuổi","NORTHERN_VIETNAMESE","Giọng nhẹ nhàng, truyền cảm","An lạc, truyền cảm hứng","Nhẹ nhàng","1.24x","39","7.3s","OFF-SCREEN","Nhạc nền thiền kết thúc nhẹ nhàng, tiếng chuông chùa ngân vang dài, tiếng nước chảy và tiếng gió thoảng qua.","WIDE SHOT of a breathtaking, ancient temple garden at sunset, bathed in a warm, golden ethereal light. A serene pond filled with vibrant, blooming lotus flowers is at the center. A few individuals in spiritual attire walk slowly and mindfully along stone paths, embodying profound peace and happiness. ABSOLUTE TEMPORAL COHERENCE: Slow and deliberate movements, sharp object borders. Static directional lighting, shadow coordinates locked. Permanently static background props, locked arrangement. Realistic ground friction, solid footing, zero sliding. Perfect limb separation, no clipping or hand fusion. Strict frame-to-frame clothing consistency. Perfect facial symmetry, identical symmetric circular pupils. Unified wind vector physics. Strict character count persistence, no ghost characters. ABSOLUTELY ZERO TEXT, letters, watermarks, or graphic overlays. [ASPECT RATIO LOCK]: Strictly FULL FRAME, NO black bars. (perfect human anatomy:1.2), exactly two arms, exactly two legs, perfect hands.","A breathtaking, ancient temple garden at sunset, bathed in a warm, golden ethereal light. A serene pond filled with vibrant, blooming lotus flowers is at the center. A few individuals in spiritual attire walk slowly and mindfully along stone paths, embodying profound peace and happiness. --no failsafe, (perfect human anatomy:1.2), exactly two arms, exactly two legs, perfect hands."
